-1,BISCUITS
-1,CHOCOLATE
-1,CHICKEN
-1,SOAP
-1,WASHING POWER
-1,TEA
-1,SHAMPOO
-1,TOOTH BRUSH
-1,TOOTH PASTE
-1,SAUSAGES
-1,JAM
-1,VINEGAR
-1,JELLY
-1,CURD
-1,ICE-CREAM
-1,YOUGURT
-1,BULPS
-1,WICK(TRIE)
-1,MILK POWDER
-1,NOODLES
-1,LIME MATE
-1,PASTE
-1,MUSTURD CREAM
-1,BEVERAGES
-1,SHOPPING BAGS
-1,BROWN BAGS
-1,PAPER BAGS
-1,TOFFEES
-1,CHEESE
-1,CAKE
-1,SPICES
-1,FLOUR MIX
-1,SEMAN
-1,CLEANING ITEAMS
-1,OIL
-1,GHEE OIL
-1,GINGILLY OIL
-1,SOYAMEET
-1,SAUCE
-1,SALT
-1,SAUCE
-1,ARALIYA RICE
-1,FLOUR
-1,PAPPADAM
-1,MARMITE
-1,CREAM
-1,HAIR OIL
-1,BUTTER
-1,MAYONNAIS
-1,LIME POWDER
-1,STOCK POWDER
-1,POWDER
-1,COLOGNE
-1,HAND WASH
-1,EGG
-1,ELECTRONICS
-1,HERBAL MIX
-1,COFFEE
-1,TISSUE
-1,TOOTHPICKS
-1,WATER
-1,MILK MAID
-1,COOKING CREAM
-1,CHUTNEY
-1,SOUP
-1,CONDENSED MILK
-1,MILK
-1,CANDENSED MILK
-1,TABLET
-1,PAIN BAM
-1,CONDITONER
-1,CAMPHOR
-1,COLOURING
-1,ESSENCES
-1,DESERD MIX
-1,SAVING RAZER
-1,PAMPERS
-1,HAIR COLOURING
-1,COTTON BUDS
-1,CORDIAL
-1,CAN
-1,COCOA POWDER
-1,CEREAL
-1,RICE
-1,CHISPS
-1,WRAP
-1,LEAVES
-1,CUPS
-1,GLOVES
-1,WASHING LIQUID
-1,BATHI(INCENSE STICKS)
-1,DRY FISH
-1,ROLLS
-1,MEET BALLS
-1,ENERGY DRINK
-1,COOKING OIL
-1,CHERRY
-1,HONEY
-1,CAPERS
-1,GHERKIN
-1,OILVE
-1,BALM
-1,MATCH BOX
-1,ASAMODAGAM
-1,SACHETS PACK
-1,CHARCEALL
-1,ENVELOP
-1,JUICEE
-1,FASH WASH
-1,MATTY BAG
-1,STIK
-1,CASHEW NUTS
-1,RXRONA
-1,BODY LOTION
-1,LOW SUGAR JAM
-1,DELIGHT
-1,GLUCOS
-1,SNAK
-1,BATTERY
-1,LIGHTER
-1,AIRWICK
-1,SAMAPOSHA
-1,COCONUT MILK
-1,CANNED FISH
-1,DRINK MIX
-1,AJI NO MOTO
-1,PEN
-1,SHOUE POLISH
-1,SAMBRANI
-1,LUNCH BOX
-1,SAVING CREAM
-1,PLATE
-1,SPOON
-1,STRAW
-1,GRAME
-1,DHALL
-1,POTATO
-1,ONION
-1,GARILC
-1,GINGER
-1,CHILLI
-1,AFTERSHAVE
-1,JAGGRRY
-1,SODA
-1,GORAGA
-1,TARMARIN
-1,BREAD CRUAM
-1,HAIR GEL
-1,CORN
-1,SEED
-1,SUGER
-1,MORTEIN
-1,HAIR CREAM
-1,SUGAR CANDY
-1,MIXTURE
-1,PERFUME
-1,MASALA
-1,PICKLE
-1,SAMEYA
-1,BLUE
-1,SWEET
-1,COMPHOR (SOODAM)
-1,PAPER
-1,FRUIT PIECES
-1,COCONUT
-1,PEENUT
-1,GRIPE WATER
-1,GLASS
-1,CHOW CHOW
-1,CINNAMAN STICK
-1,CANDLES
-1,SPONCH
-1,TOOTH POWDER
-1,PLAMS
-1,YEAST
-1,ICING SUGAR
-1,TOPPING
-1,GOLDEN SYRUP
-1,ASAFOETIDA POWDER
-1,PANEER
-1,SHEET
-1,TULIPS
-1,PLASTER
-1,PASPANGUWA
-1,COOKER PARTS
-1,ICE CONES
-1,SYRUP
-1,RAT GUM
-1,PLAYING CARD
-1,BALL
-1,ICE
-1,PLSTIC
-1,GUM
-1,CLOTH
-1,PEST CONTROL ITEM
-1,BREAD
-1,SEASONING POWDER
-1,SHORT EATS
-1,NAPKINS
